patient_id,gender,age,dept_name,drug_name,diagnosis_code
P754,女,35.0,妇科,甲硝唑,N80.0
P214,女,28.0,妇科,AMXL,N97.0
P125,女,40.0,妇科,头孢地尼,N73.0
P859,女,30.0,妇科,阿莫西林,O24.4
P381,女,25.0,妇科,头孢呋辛酯,O80
P350,男,,儿科,布洛芬,J45.909
P328,女,,儿科,阿莫西林,J18.9
P242,女,,妇科,阿莫西林克拉维酸钾,
P854,女,,妇科,对乙酰氨基酚,D25.9
P204,女,,妇科,头孢类,O80.9
P132,,,儿科,抗生素（具体不详）,
P716,女,88.0,妇科,阿奇霉素,复查
P529,女,,妇科,患者自述不详,E11.9
P877,,67.0,急诊科,氨氯地平,I10
P384,,40.0,,阿奇霉素,I10
P194,男,60.0,内科,兰索拉唑,K35.9
P718,,20.0,外科,头孢 1支 qd,疑似糖尿病
P227,,55.0,外科,氨氯地平,I10
P691,,80.0,,二甲双胍,I10
P891,女,70.0,内科,unknown,E11.9
P489,女,80.0,急诊科,阿奇霉素,K21.0
P266,男,82.0,,布洛芬,I10
P818,女,,妇科,unknown,J18.9
P646,,75.0,外科,胃药,S72.0
P376,男,,妇科,氨氯地平,J45.9
P963,,,急诊科,未知,I61.9
P924,,65.0,急诊科,阿莫西林,J45.9
P680,女,30.0,急诊科,布洛芬,I10
P505,男,,妇科,消炎药,体检
P352,男,82.0,妇科,硝苯地平,N40
P697,女,,,硝苯地平,
P605,,,急诊科,对乙酰氨基酚,I10
P742,男,60.0,,对乙酰氨基酚,M79.3
P490,男,60.0,外科,布洛芬,I10
P981,,35.0,外科,硝苯地平,J45.909
P887,男,28.0,,阿莫西林？,J18.9
P261,,,,二甲双胍,
P612,女,30.0,外科,,I48
P961,,60.0,,对乙酰氨基酚,K80.1
P482,,,外科,甲硝唑,M79.3
P100,,40.0,,,I10
P471,,,内科,阿莫西林,K80.1
P999,男,,急诊科,布洛芬,糖尿病酮症酸中毒
P935,,80.0,儿科,,未确诊
P775,男,,内科,对乙酰氨基酚,N18.9
P993,男,,妇科,硝苯地平,I10
P830,女,60.0,妇科,阿莫西林？,I10
P548,男,30.0,,消炎药,E11.9
P330,女,,内科,对乙酰氨基酚,I25.1
P335,男,,内科,抗生素（具体不详）,J45.909
P334,,,内科,布洛芬,J18.9
P626,男,50.0,,兰索拉唑,E11.65
P652,,,,奥美拉唑,I10
P926,女,40.0,急诊科,无,
P462,,35.0,儿科,对乙酰氨基酚,
P789,,40.0,内科,,J45.0
P919,,20.0,内科,对乙酰氨基酚,I10
P649,女,25.0,急诊科,甲硝唑,I10
P573,,15.0,内科,头孢呋辛酯,J45.9
P200,,75.0,内科,未用药,J45.909
P871,女,,内科,阿莫西林克拉维酸钾,E11.0
P592,男,,妇科,CTX,未确诊
P488,,30.0,,布洛芬,S72.0
P392,男,,急诊科,无,
P258,,,,患者自述不详,未确诊
P162,女,,妇科,布洛芬,E11.9
P614,女,,内科,布洛芬,
P182,男,,妇科,布洛芬,I10
P791,男,30.0,儿科,降压药,E11.9
P692,女,,外科,对乙酰氨基酚,I25.1
P773,,55.0,内科,布洛芬,I48
P309,,,外科,奥美拉唑,I48
P234,,,急诊科,硝苯地平,E11.9
P109,,,内科,奥美拉唑,E11.65
P318,女,,儿科,布洛芬,I10
P350,女,,儿科,AMXL,E11.9
P820,女,,妇科,NFP,E11.9
P406,男,,内科,unknown,J45.909
P218,,25.0,,对乙酰氨基酚,I48
P378,男,25.0,内科,布洛芬？,M79.3
P803,女,50.0,外科,兰索拉唑,I10
P966,,,,奥美拉唑,I21.9
P145,女,88.0,,阿奇霉素,J45.9
P265,男,,内科,对乙酰氨基酚,I48
P674,女,48.0,,患者自述不详,
P658,男,28.0,儿科,忘记带了,M79.3
P540,男,,急诊科,布洛芬？,M54.5
P466,女,55.0,外科,阿莫西林,J45.909
P898,,,,对乙酰氨基酚,未知
P342,,40.0,内科,,M79.3
P522,女,40.0,,未用药,S42.2
P921,女,60.0,内科,兰索拉唑,I25.1
P491,,,急诊科,头孢地尼,K35.9
P304,女,50.0,急诊科,二甲双胍,E11.9
P328,男,82.0,外科,格列美脲,E11.9
P985,女,35.0,外科,兰索拉唑,J45.9
P509,男,,外科,消炎药,I10
P998,,,内科,阿莫西林,K80.1
P211,,60.0,急诊科,硝苯地平,J45.9
P546,,35.0,外科,,I63.9
P360,,,,布洛芬,I10
P803,男,35.0,内科,阿莫西林,I10
P780,男,40.0,外科,阿奇霉素,E11.9
P837,男,,,头孢 1支 qd,N39.0
P434,女,,,格列美脲,I25.1
P530,,,,对乙酰氨基酚,I10
P730,,,,,S42.2
P411,,,外科,布洛芬？,I10
P576,女,50.0,内科,无,I61.9
P584,,48.0,,甲硝唑,I10
P627,,,,布洛芬,J44.9
P788,,,儿科,阿莫西林,糖尿病酮症酸中毒
P125,男,,,甲硝唑,M54.5
P566,男,,内科,止痛药,E11.65
P606,,35.0,外科,忘记带了,I10
P868,女,,妇科,消炎药,I10
P280,女,25.0,内科,阿奇霉素,E11.9
P355,,,内科,布洛芬,E11.9
P783,男,18.0,内科,对乙酰氨基酚,无
P727,,,外科,奥美拉唑,
P556,男,,内科,布洛芬,J45.909
P365,女,40.0,内科,二甲双胍,
P884,,,内科,胃药,J45.9
P381,,,内科,胃药,糖尿病酮症酸中毒
P378,,75.0,外科,二甲双胍,糖尿病酮症酸中毒
P241,男,,,阿莫西林？,E10.9
P823,男,,外科,忘记带了,M79.3
P655,,70.0,内科,CTX,G45.9
P498,女,50.0,内科,甲硝唑,I48
P588,女,40.0,急诊科,,J45.9
P973,男,,外科,,I10
P919,女,50.0,,,E11.9
P546,,,内科,阿奇霉素,J18.9
P841,男,45.0,外科,兰索拉唑,J44.9
P127,男,35.0,,对乙酰氨基酚,I10
P758,,,,阿莫西林,E10.9
P151,,15.0,,氨氯地平,T14.1
P434,,,内科,甲硝唑,
P358,男,,急诊科,,I48
P153,女,80.0,内科,阿莫西林,E11.9
P872,女,,,布洛芬,J45.909
P736,女,,妇科,布洛芬,I10.01
P677,男,,儿科,二甲双胍,K80.1
P271,,35.0,,硝苯地平,E11.9
P418,,28.0,内科,阿莫西林,M17.1
P506,女,45.0,,格列美脲,J45.9
P204,女,40.0,儿科,抗生素（具体不详）,I25.1
P915,男,,急诊科,未知,N39.0
P777,,55.0,外科,阿莫西林？,
P112,,70.0,,消炎药,I10
